{"2azQ1b91cZZ": {"0": {"actions": [2, 1, 1, 3, 3, 1, 1, 2, 2, 1, 3, 1, 2, 1, 1, 3, 3, 1, 2, 2, 1, 2, 1, 3, 1, 2, 1, 3, 1, 2, 1, 1, 1, 1, 1, 1, 1, 1, 1, 2, 2, 1, 1, 1, 1, 1, 1, 1, 2, 2, 1, 3, 3, 1, 2, 1, 1, 3, 1, 2, 1, 3, 1, 2, 1, 3, 1, 1, 1, 2, 1, 1, 3, 1, 1, 2, 1, 1, 3, 1, 2, 2, 1, 3, 3, 1, 1, 1, 2, 1, 2, 1, 3, 3, 1, 2, 1, 3, 1, 1, 1, 2, 2, 1, 3, 3, 1, 2, 1, 2, 2, 2, 1, 2, 2, 2, 2, 2, 1, 2, 2, 2, 2, 1, 2, 2, 2, 2, 2, 1, 0], "path": [[28.593369999999997, 9.960650000000003, 46.04054383761334], [28.83363660195726, 10.029729374518812, 376.0405438376133], [29.073903203914522, 10.098808749037621, 376.0405438376133], [29.134212011682326, 10.34142541727298, 76.04054383761334], [29.207441207759672, 10.571582668392754, 76.04054383761334], [29.447707809716935, 10.640662042911563, 376.0405438376133], [29.621245103433488, 10.820619837101022, 46.04054383761334], [29.86647138133578, 10.872448845726622, 376.0405438376133], [30.106737983293044, 10.94152822024543, 376.0405438376133], [30.167046791060848, 11.18414488848079, 76.04054383761334], [30.40731339301811, 11.253224262999598, 376.0405438376133], [30.64993006125347, 11.192915455231795, 346.0405438376133], [30.890196663210734, 11.261994829750604, 376.0405438376133], [31.132813331446094, 11.2016860219828, 346.0405438376133], [31.373079933403357, 11.27076539650161, 376.0405438376133], [31.615696601638717, 11.210456588733805, 346.0405438376133], [31.858313269874078, 11.150147780966002, 346.0405438376133], [32.10092993810944, 11.089838973198198, 346.0405438376133], [32.343546606344795, 11.029530165430394, 346.0405438376133], [32.58616327458015, 10.96922135766259, 346.0405438376133], [32.82877994281551, 10.908912549894787, 346.0405438376133], [33.071396611050865, 10.848603742126983, 346.0405438376133], [33.31401327928622, 10.788294934359179, 346.0405438376133], [33.55662994752158, 10.727986126591375, 346.0405438376133], [33.625709322040386, 10.487719524634112, 286.0405438376133], [33.69478869655919, 10.24745292267685, 286.0405438376133], [33.763868071078, 10.007186320719587, 286.0405438376133], [33.83294744559681, 9.766919718762324, 286.0405438376133], [33.902026820115616, 9.526653116805061, 286.0405438376133], [33.97110619463442, 9.286386514847798, 286.0405438376133], [34.04018556915323, 9.046119912890536, 286.0405438376133], [33.86664827543668, 8.866162118701077, 226.04054383761334], [33.93572764995549, 8.625895516743814, 286.0405438376133], [33.875418842187685, 8.383278848508455, 256.0405438376133], [33.81511003441988, 8.140662180273097, 256.0405438376133], [33.88418940893869, 7.900395578315833, 286.0405438376133], [33.823880601170885, 7.6577789100804745, 256.0405438376133], [33.89295997568969, 7.417512308123211, 286.0405438376133], [33.83265116792189, 7.174895639887852, 256.0405438376133], [33.901730542440696, 6.934629037930589, 286.0405438376133], [33.9708099169595, 6.694362435973325, 286.0405438376133], [34.03988929147831, 6.454095834016061, 286.0405438376133], [33.97958048371051, 6.211479165780703, 256.0405438376133], [33.9192716759427, 5.968862497545344, 256.0405438376133], [33.98835105046151, 5.7285958955880805, 286.0405438376133], [34.05743042498032, 5.488329293630817, 286.0405438376133], [33.997121617212514, 5.245712625395458, 256.0405438376133], [33.93681280944471, 5.0030959571601, 256.0405438376133], [34.00589218396352, 4.762829355202836, 286.0405438376133], [33.83235489024697, 4.582871561013376, 226.04054383761334], [33.901434264765776, 4.342604959056112, 286.0405438376133], [33.97051363928458, 4.102338357098849, 286.0405438376133], [34.03959301380339, 3.862071755141585, 286.0405438376133], [33.97928420603559, 3.6194550869062265, 256.0405438376133], [33.80574691231904, 3.4394972927167666, 226.04054383761334], [33.874826286837845, 3.199230690759503, 286.0405438376133], [33.81451747907004, 2.9566140225241444, 256.0405438376133], [33.88359685358885, 2.7163474205668807, 286.0405438376133], [33.952676228107656, 2.476080818609617, 286.0405438376133], [34.02175560262646, 2.2358142166523534, 286.0405438376133], [33.848218308909914, 2.0558564224628935, 226.04054383761334], [33.91729768342872, 1.8155898205056298, 286.0405438376133], [33.85698887566092, 1.5729731522702712, 256.0405438376133], [33.61437220742556, 1.633281960038075, 166.04054383761334], [33.85463880938283, 1.7023613345568838, 376.0405438376133], [33.68110151566628, 1.522403540367424, 226.04054383761334], [33.74141032343408, 1.7650202086027826, 76.04054383761334]]}}}